{"usingComponents":{"navigation-bar":"../../miniprogram_npm/@mina-components/navigation-bar/index","Title":"/components/Title/Title","Flex":"/components/Flex/Flex","MahjongButton":"/components/MahjongButton/MahjongButton","privacy-popup":"../../miniprogram_npm/@mina-components/privacy-popup/index","PageLoading":"/components/PageLoading/PageLoading","RoomMembers":"/components/RoomMembers/RoomMembers","InvitePopup":"/components/InvitePopup/InvitePopup","ScoreDialog":"/components/ScoreDialog/ScoreDialog","PlayerAvatar":"/components/PlayerAvatar/PlayerAvatar","ExtraFeeDialog":"/components/ExtraFeeDialog/ExtraFeeDialog","SettleDialog":"/components/SettleDialog/SettleDialog","AddMemberDialog":"/components/AddMemberDialog/AddMemberDialog"},"disableScroll":true}