{"usingComponents":{"navigation-bar":"../../miniprogram_npm/@mina-components/navigation-bar/index","Title":"/components/Title/Title","Flex":"/components/Flex/Flex","PlayerAvatar":"/components/PlayerAvatar/PlayerAvatar","MahjongButton":"/components/MahjongButton/MahjongButton","ClickButton":"/components/ClickButton/ClickButton","SettleRecordsForScore":"/components/SettleRecordsForScore/SettleRecordsForScore","SettleRecordsForFee":"/components/SettleRecordsForFee/SettleRecordsForFee","SettleBillingDialog":"/components/SettleBillingDialog/SettleBillingDialog"},"disableScroll":true}